CREATE TABLE area_space_capacity  (space_area_id INT, space_area TEXT, zone TEXT, facility_id INT, facility TEXT,  space_type_id INT, space_type TEXT, as_of_date TEXT, capacity INT, unit_of_measure TEXT);
CREATE TABLE lot_space (id INT , inventory_lot_id INT , planting_id INT , production_lot_id INT , plant_date TEXT , ready_date TEXT , expiry_date TEXT , category TEXT , item_description TEXT , fset TEXT , is_planted INT , facility_id INT , area_id INT , area TEXT , qty INT , space_area_id INT , space_area TEXT , total_weeks INT , space_profile_id INT , space_profile TEXT );
CREATE TABLE lot_level (id INT , lot_space_id INT , space_required REAL , space_weeks INT , space_type_id INT , space_type TEXT , level INT , cost_per_sfw REAL , space_beg_date TEXT , space_end_date TEXT , spacing_size INT );
CREATE TABLE lot_action (id INT , action_status INT , inventory_lot_id INT , planting_id INT , action_date TEXT , action_type_id INT , from_area_id INT , from_space_area_id INT , to_area_id INT , to_space_area_id INT , from_space_type_id INT , to_space_type_id INT , qty REAL  );
insert into area_space_capacity (space_area_id, space_area, zone, facility_id, facility, space_type_id, space_type, as_of_date, capacity, unit_of_measure) values(100026,'F11','Zone1',100005,'BFF',100003,'Floor',1388563200000,36701,'Square')
insert into area_space_capacity (space_area_id, space_area, zone, facility_id, facility, space_type_id, space_type, as_of_date, capacity, unit_of_measure) values(100032,'F14','Zone2',100005,'BFF',100003,'Floor',1388563200000,54662,'Square')
insert into area_space_capacity (space_area_id, space_area, zone, facility_id, facility, space_type_id, space_type, as_of_date, capacity, unit_of_measure) values(100061,'F32','Zone2',100005,'BFF',100003,'Floor',1388563200000,34051,'Square')
insert into area_space_capacity (space_area_id, space_area, zone, facility_id, facility, space_type_id, space_type, as_of_date, capacity, unit_of_measure) values(100067,'F50','Zone2',100005,'BFF',100003,'Floor',1388563200000,49716,'Square')
insert into area_space_capacity (space_area_id, space_area, zone, facility_id, facility, space_type_id, space_type, as_of_date, capacity, unit_of_measure) values(100024,'F10','Zone1',100005,'BFF',100003,'Floor',1388563200000,36701,'Square')
insert into area_space_capacity (space_area_id, space_area, zone, facility_id, facility, space_type_id, space_type, as_of_date, capacity, unit_of_measure) values(100042,'F19','Zone2',100005,'BFF',100003,'Floor',1388563200000,15976,'Square')
insert into area_space_capacity (space_area_id, space_area, zone, facility_id, facility, space_type_id, space_type, as_of_date, capacity, unit_of_measure) values(100028,'F12','Zone1',100005,'BFF',100003,'Floor',1388563200000,30147,'Square')
insert into area_space_capacity (space_area_id, space_area, zone, facility_id, facility, space_type_id, space_type, as_of_date, capacity, unit_of_measure) values(100010,'F03','Zone1',100005,'BFF',100003,'Floor',1388563200000,30590,'Square')
insert into area_space_capacity (space_area_id, space_area, zone, facility_id, facility, space_type_id, space_type, as_of_date, capacity, unit_of_measure) values(100049,'F23','Zone2',100005,'BFF',100003,'Floor',1388563200000,40510,'Square')
insert into area_space_capacity (space_area_id, space_area, zone, facility_id, facility, space_type_id, space_type, as_of_date, capacity, unit_of_measure) values(100030,'F13','Zone2',100005,'BFF',100003,'Floor',1388563200000,57375,'Square')
insert into area_space_capacity (space_area_id, space_area, zone, facility_id, facility, space_type_id, space_type, as_of_date, capacity, unit_of_measure) values(100063,'F33','Zone2',100005,'BFF',100003,'Floor',1388563200000,41875,'Square')
insert into area_space_capacity (space_area_id, space_area, zone, facility_id, facility, space_type_id, space_type, as_of_date, capacity, unit_of_measure) values(100040,'F18','Zone2',100005,'BFF',100003,'Floor',1388563200000,15976,'Square')
insert into area_space_capacity (space_area_id, space_area, zone, facility_id, facility, space_type_id, space_type, as_of_date, capacity, unit_of_measure) values(100054,'H27','Zone2',100005,'BFF',100004,'Hanging',1388563200000,13518,'Units')
insert into area_space_capacity (space_area_id, space_area, zone, facility_id, facility, space_type_id, space_type, as_of_date, capacity, unit_of_measure) values(100059,'F30','Zone2',100005,'BFF',100003,'Floor',1388563200000,72012,'Square')
insert into area_space_capacity (space_area_id, space_area, zone, facility_id, facility, space_type_id, space_type, as_of_date, capacity, unit_of_measure) values(100016,'F06','Zone1',100005,'BFF',100003,'Floor',1388563200000,30345,'Square')
insert into area_space_capacity (space_area_id, space_area, zone, facility_id, facility, space_type_id, space_type, as_of_date, capacity, unit_of_measure) values(100055,'F28','Zone2',100005,'BFF',100003,'Floor',1388563200000,61962,'Square')
insert into area_space_capacity (space_area_id, space_area, zone, facility_id, facility, space_type_id, space_type, as_of_date, capacity, unit_of_measure) values(100034,'F15','Zone2',100005,'BFF',100003,'Floor',1388563200000,57375,'Square')
insert into area_space_capacity (space_area_id, space_area, zone, facility_id, facility, space_type_id, space_type, as_of_date, capacity, unit_of_measure) values(100060,'H30','Zone2',100005,'BFF',100004,'Hanging',1388563200000,13410,'Units')
insert into area_space_capacity (space_area_id, space_area, zone, facility_id, facility, space_type_id, space_type, as_of_date, capacity, unit_of_measure) values(100051,'F26','Zone2',100005,'BFF',100003,'Floor',1388563200000,51635,'Square')
insert into area_space_capacity (space_area_id, space_area, zone, facility_id, facility, space_type_id, space_type, as_of_date, capacity, unit_of_measure) values(100018,'F07','Zone1',100005,'BFF',100003,'Floor',1388563200000,30345,'Square')
insert into area_space_capacity (space_area_id, space_area, zone, facility_id, facility, space_type_id, space_type, as_of_date, capacity, unit_of_measure) values(100069,'F52','Zone2',100005,'BFF',100003,'Floor',1388563200000,62536,'Square')
insert into area_space_capacity (space_area_id, space_area, zone, facility_id, facility, space_type_id, space_type, as_of_date, capacity, unit_of_measure) values(100012,'F04','Zone1',100005,'BFF',100003,'Floor',1388563200000,29849,'Square')
insert into area_space_capacity (space_area_id, space_area, zone, facility_id, facility, space_type_id, space_type, as_of_date, capacity, unit_of_measure) values(100036,'F16','Zone2',100005,'BFF',100003,'Floor',1388563200000,57628,'Square')
insert into lot_space (id, inventory_lot_id, planting_id, production_lot_id, plant_date, ready_date, expiry_date, category, item_description, fset, is_planted, facility_id, area_id, area, qty, space_area_id, space_area, total_weeks, space_profile_id, space_profile ) values(3,400284,0,0,1459753200000,1463382000000,1463900400000,'11 ANN','1.5G RR SPRING BLOOMS','Lowes',0,100005,100069,'F52',1004,100069,'F52',7,100013,'1.5 Gal cont/hb')
insert into lot_space (id, inventory_lot_id, planting_id, production_lot_id, plant_date, ready_date, expiry_date, category, item_description, fset, is_planted, facility_id, area_id, area, qty, space_area_id, space_area, total_weeks, space_profile_id, space_profile ) values(27,400597,0,0,1458543600000,1463382000000,1463900400000,'MRV','2.5QT BOUNCE IMPATIENS MRV','Lowes',0,100005,100059,'F30',5412,100059,'F30',9,100008,'2.5 Qt spaced')
insert into lot_space (id, inventory_lot_id, planting_id, production_lot_id, plant_date, ready_date, expiry_date, category, item_description, fset, is_planted, facility_id, area_id, area, qty, space_area_id, space_area, total_weeks, space_profile_id, space_profile ) values(28,400598,0,0,1459148400000,1463986800000,1464505200000,'MRV','2.5QT BOUNCE IMPATIENS MRV','Lowes',0,100005,100059,'F30',4122,100059,'F30',9,100008,'2.5 Qt spaced')
insert into lot_space (id, inventory_lot_id, planting_id, production_lot_id, plant_date, ready_date, expiry_date, category, item_description, fset, is_planted, facility_id, area_id, area, qty, space_area_id, space_area, total_weeks, space_profile_id, space_profile ) values(30,400615,0,0,1459148400000,1463382000000,1463900400000,'MRV','2.5QT DAHLIA MRV','Lowes',0,100005,100059,'F30',4350,100059,'F30',8,100008,'2.5 Qt spaced')
insert into lot_space (id, inventory_lot_id, planting_id, production_lot_id, plant_date, ready_date, expiry_date, category, item_description, fset, is_planted, facility_id, area_id, area, qty, space_area_id, space_area, total_weeks, space_profile_id, space_profile ) values(32,400620,0,0,1459753200000,1463382000000,1463900400000,'MRV','2.5QT PETUNIA MRV','Lowes',0,100005,100059,'F30',4098,100059,'F30',7,100008,'2.5 Qt spaced')
insert into lot_space (id, inventory_lot_id, planting_id, production_lot_id, plant_date, ready_date, expiry_date, category, item_description, fset, is_planted, facility_id, area_id, area, qty, space_area_id, space_area, total_weeks, space_profile_id, space_profile ) values(38,400650,0,0,1459148400000,1463986800000,1464505200000,'MRV','1QT GERBERA MRV','Lowes',0,100005,100059,'F30',6416,100059,'F30',9,100005,'1.0 Qt unspaced')
insert into lot_space (id, inventory_lot_id, planting_id, production_lot_id, plant_date, ready_date, expiry_date, category, item_description, fset, is_planted, facility_id, area_id, area, qty, space_area_id, space_area, total_weeks, space_profile_id, space_profile ) values(39,400651,0,0,1459753200000,1464591600000,1465110000000,'MRV','1QT GERBERA MRV','Lowes',0,100005,100030,'F13',3664,100030,'F13',9,100005,'1.0 Qt unspaced')
insert into lot_space (id, inventory_lot_id, planting_id, production_lot_id, plant_date, ready_date, expiry_date, category, item_description, fset, is_planted, facility_id, area_id, area, qty, space_area_id, space_area, total_weeks, space_profile_id, space_profile ) values(44,401115,0,0,1456128000000,1463382000000,1463900400000,'10 PLANTER','1.5G NEW GUINEA IMPATIEN PLTR','Lowes',0,100005,100024,'F10',4100,100024,'F10',9,100013,'1.5 Gal cont/hb')
insert into lot_space (id, inventory_lot_id, planting_id, production_lot_id, plant_date, ready_date, expiry_date, category, item_description, fset, is_planted, facility_id, area_id, area, qty, space_area_id, space_area, total_weeks, space_profile_id, space_profile ) values(45,401116,0,0,1456732800000,1463986800000,1464505200000,'10 PLANTER','1.5G NEW GUINEA IMPATIEN PLTR','Lowes',0,100005,100024,'F10',2075,100024,'F10',9,100013,'1.5 Gal cont/hb')
insert into lot_space (id, inventory_lot_id, planting_id, production_lot_id, plant_date, ready_date, expiry_date, category, item_description, fset, is_planted, facility_id, area_id, area, qty, space_area_id, space_area, total_weeks, space_profile_id, space_profile ) values(65,401378,0,0,1458543600000,1463382000000,1463900400000,'10 PLANTER','1.5G GERANIUM PLANTER','Lowes',0,100005,100032,'F14',5210,100032,'F14',9,400006,'FS Staggered15"')
insert into lot_space (id, inventory_lot_id, planting_id, production_lot_id, plant_date, ready_date, expiry_date, category, item_description, fset, is_planted, facility_id, area_id, area, qty, space_area_id, space_area, total_weeks, space_profile_id, space_profile ) values(81,401505,0,0,1457938800000,1463382000000,1463900400000,'10 PLANTER','1.50-GAL PREMIUM ANNUAL PLANTER','Giant',0,100005,100024,'F10',1282,100024,'F10',10,400006,'FS Staggered15"')
insert into lot_space (id, inventory_lot_id, planting_id, production_lot_id, plant_date, ready_date, expiry_date, category, item_description, fset, is_planted, facility_id, area_id, area, qty, space_area_id, space_area, total_weeks, space_profile_id, space_profile ) values(86,401539,0,0,1458543600000,1463382000000,1463900400000,'10 HB REG','1.5G VINCA HB','Kroger',0,100005,100049,'F23',1659,100049,'F23',9,100067,'Double gutter')
insert into lot_space (id, inventory_lot_id, planting_id, production_lot_id, plant_date, ready_date, expiry_date, category, item_description, fset, is_planted, facility_id, area_id, area, qty, space_area_id, space_area, total_weeks, space_profile_id, space_profile ) values(87,401562,0,0,1460358000000,1463382000000,1463900400000,'10 PLANTER','1.50-GAL PREMIUM ANNUAL PLANTER','Safeway',0,100005,100024,'F10',847,100024,'F10',6,400006,'FS Staggered15"')
insert into lot_space (id, inventory_lot_id, planting_id, production_lot_id, plant_date, ready_date, expiry_date, category, item_description, fset, is_planted, facility_id, area_id, area, qty, space_area_id, space_area, total_weeks, space_profile_id, space_profile ) values(89,401582,0,0,1459753200000,1463382000000,1463900400000,'8 ANN','3.00-QT COLOR POT ANNUALS','Safeway',0,100005,100049,'F23',2363,100049,'F23',7,100017,'3.0 Qt')
insert into lot_space (id, inventory_lot_id, planting_id, production_lot_id, plant_date, ready_date, expiry_date, category, item_description, fset, is_planted, facility_id, area_id, area, qty, space_area_id, space_area, total_weeks, space_profile_id, space_profile ) values(91,401654,0,0,1458543600000,1463382000000,1463900400000,'10 HB REG','1.5G VINCA HB','Lowes',0,100005,100049,'F23',6060,100049,'F23',9,100067,'Double gutter')
insert into lot_space (id, inventory_lot_id, planting_id, production_lot_id, plant_date, ready_date, expiry_date, category, item_description, fset, is_planted, facility_id, area_id, area, qty, space_area_id, space_area, total_weeks, space_profile_id, space_profile ) values(167,402409,0,0,1456732800000,1463986800000,1464505200000,'MRV','2.5QT NEW GUINEA IMPATIENS MRV','Lowes',0,100005,100024,'F10',3090,100024,'F10',10,100008,'2.5 Qt spaced')
insert into lot_space (id, inventory_lot_id, planting_id, production_lot_id, plant_date, ready_date, expiry_date, category, item_description, fset, is_planted, facility_id, area_id, area, qty, space_area_id, space_area, total_weeks, space_profile_id, space_profile ) values(192,402924,0,0,1457938800000,1464591600000,1465110000000,'10 PLANTER','1.50-GAL PREMIUM ANNUAL PLANTER','Giant',0,100005,100040,'F18',500,100040,'F18',10,400006,'FS Staggered15"')
insert into lot_space (id, inventory_lot_id, planting_id, production_lot_id, plant_date, ready_date, expiry_date, category, item_description, fset, is_planted, facility_id, area_id, area, qty, space_area_id, space_area, total_weeks, space_profile_id, space_profile ) values(194,402931,0,0,1458543600000,1463382000000,1463900400000,'6 ANN','1.25-QT GERBERA COLOR POT','Kroger',0,100005,100067,'F50',2016,100067,'F50',9,100010,'1.25 Qt spaced')
insert into lot_space (id, inventory_lot_id, planting_id, production_lot_id, plant_date, ready_date, expiry_date, category, item_description, fset, is_planted, facility_id, area_id, area, qty, space_area_id, space_area, total_weeks, space_profile_id, space_profile ) values(202,403113,0,0,1458543600000,1463382000000,1463900400000,'MRV','1QT GERBERA MRV','Lowes',0,100005,100042,'F19',8072,100042,'F19',9,100005,'1.0 Qt unspaced')
insert into lot_space (id, inventory_lot_id, planting_id, production_lot_id, plant_date, ready_date, expiry_date, category, item_description, fset, is_planted, facility_id, area_id, area, qty, space_area_id, space_area, total_weeks, space_profile_id, space_profile ) values(203,403128,0,0,1457938800000,1463382000000,1463900400000,'2G Container','2G SUNPATIENS PLTR','Lowes',0,100005,100032,'F14',1999,100032,'F14',10,400007,'FS Staggered16"')
insert into lot_space (id, inventory_lot_id, planting_id, production_lot_id, plant_date, ready_date, expiry_date, category, item_description, fset, is_planted, facility_id, area_id, area, qty, space_area_id, space_area, total_weeks, space_profile_id, space_profile ) values(209,403186,0,0,1456128000000,1463382000000,1463900400000,'MRV','2.5QT NEW GUINEA IMPATIENS MRV','Lowes',0,100005,100024,'F10',4128,100024,'F10',10,100008,'2.5 Qt spaced')
insert into lot_space (id, inventory_lot_id, planting_id, production_lot_id, plant_date, ready_date, expiry_date, category, item_description, fset, is_planted, facility_id, area_id, area, qty, space_area_id, space_area, total_weeks, space_profile_id, space_profile ) values(220,403312,0,0,1457337600000,1463986800000,1464505200000,'2G Container','2G PLECTRANTHUS CONTAINER','Lowes',0,100005,100040,'F18',3010,100040,'F18',10,400007,'FS Staggered16"')
insert into lot_space (id, inventory_lot_id, planting_id, production_lot_id, plant_date, ready_date, expiry_date, category, item_description, fset, is_planted, facility_id, area_id, area, qty, space_area_id, space_area, total_weeks, space_profile_id, space_profile ) values(231,403364,0,0,1458543600000,1463986800000,1464505200000,'MRV','2.5QT GERBERA MRV','Lowes',0,100005,100030,'F13',2016,100030,'F13',0,0,'null')
insert into lot_space (id, inventory_lot_id, planting_id, production_lot_id, plant_date, ready_date, expiry_date, category, item_description, fset, is_planted, facility_id, area_id, area, qty, space_area_id, space_area, total_weeks, space_profile_id, space_profile ) values(239,403395,0,0,1457938800000,1463382000000,1463900400000,'10 HBPR','1.5G SUNPATIENS HB','Lowes',0,100005,100034,'F15',5373,100034,'F15',9,100013,'1.5 Gal cont/hb')
insert into lot_space (id, inventory_lot_id, planting_id, production_lot_id, plant_date, ready_date, expiry_date, category, item_description, fset, is_planted, facility_id, area_id, area, qty, space_area_id, space_area, total_weeks, space_profile_id, space_profile ) values(245,403403,0,0,1458543600000,1463382000000,1463900400000,'10 PLANTER','1.5G MEDIUM PEPPER PLTR','Lowes',0,100005,100063,'F33',719,100063,'F33',9,100013,'1.5 Gal cont/hb')
insert into lot_space (id, inventory_lot_id, planting_id, production_lot_id, plant_date, ready_date, expiry_date, category, item_description, fset, is_planted, facility_id, area_id, area, qty, space_area_id, space_area, total_weeks, space_profile_id, space_profile ) values(247,403405,0,0,1457938800000,1463382000000,1463900400000,'10 PLANTER','1.5G NUCLEA PEPPER PLANTER','Lowes',0,100005,100030,'F13',750,100030,'F13',9,100013,'1.5 Gal cont/hb')
insert into lot_space (id, inventory_lot_id, planting_id, production_lot_id, plant_date, ready_date, expiry_date, category, item_description, fset, is_planted, facility_id, area_id, area, qty, space_area_id, space_area, total_weeks, space_profile_id, space_profile ) values(248,403406,0,0,1458543600000,1463382000000,1463900400000,'10 PLANTER','1.5G MILD PEPPER PLANTER','Lowes',0,100005,100063,'F33',882,100063,'F33',9,100013,'1.5 Gal cont/hb')
insert into lot_space (id, inventory_lot_id, planting_id, production_lot_id, plant_date, ready_date, expiry_date, category, item_description, fset, is_planted, facility_id, area_id, area, qty, space_area_id, space_area, total_weeks, space_profile_id, space_profile ) values(250,403408,0,0,1458543600000,1463382000000,1463900400000,'10 PLANTER','1.5G HOT PEPPER PLTR','Lowes',0,100005,100063,'F33',916,100063,'F33',9,100013,'1.5 Gal cont/hb')
insert into lot_space (id, inventory_lot_id, planting_id, production_lot_id, plant_date, ready_date, expiry_date, category, item_description, fset, is_planted, facility_id, area_id, area, qty, space_area_id, space_area, total_weeks, space_profile_id, space_profile ) values(252,403411,0,0,1459148400000,1463382000000,1463900400000,'8 ANN DROPIN','3.00-QT ANNUAL ANTIQUE TIN','Lowes',0,100005,100032,'F14',984,100032,'F14',8,100017,'3.0 Qt')
insert into lot_space (id, inventory_lot_id, planting_id, production_lot_id, plant_date, ready_date, expiry_date, category, item_description, fset, is_planted, facility_id, area_id, area, qty, space_area_id, space_area, total_weeks, space_profile_id, space_profile ) values(272,403432,0,0,1459148400000,1463382000000,1463900400000,'1.5G Window Box','1.5G VINCA WINDOW BOX','Lowes',0,100005,100049,'F23',2030,100049,'F23',8,100067,'Double gutter')
insert into lot_space (id, inventory_lot_id, planting_id, production_lot_id, plant_date, ready_date, expiry_date, category, item_description, fset, is_planted, facility_id, area_id, area, qty, space_area_id, space_area, total_weeks, space_profile_id, space_profile ) values(275,403435,0,0,1458543600000,1463382000000,1463900400000,'13G Planter','13G PATIO PLANTER','Lowes',0,100005,100069,'F52',399,100069,'F52',9,100063,'8 Gln Planter')
insert into lot_space (id, inventory_lot_id, planting_id, production_lot_id, plant_date, ready_date, expiry_date, category, item_description, fset, is_planted, facility_id, area_id, area, qty, space_area_id, space_area, total_weeks, space_profile_id, space_profile ) values(276,403436,0,0,1460358000000,1463382000000,1463900400000,'8 ANN','3QT GERBERA DAISY','Lowes',0,100005,100067,'F50',990,100067,'F50',6,100017,'3.0 Qt')
insert into lot_space (id, inventory_lot_id, planting_id, production_lot_id, plant_date, ready_date, expiry_date, category, item_description, fset, is_planted, facility_id, area_id, area, qty, space_area_id, space_area, total_weeks, space_profile_id, space_profile ) values(277,403437,0,0,1458543600000,1463382000000,1463900400000,'8 ANN','3QT DWARF SUNFLOWER IN SELF-WATER','Lowes',0,100005,100069,'F52',9151,100069,'F52',9,100017,'3.0 Qt')
insert into lot_space (id, inventory_lot_id, planting_id, production_lot_id, plant_date, ready_date, expiry_date, category, item_description, fset, is_planted, facility_id, area_id, area, qty, space_area_id, space_area, total_weeks, space_profile_id, space_profile ) values(287,403569,0,0,1458543600000,1464591600000,1465110000000,'MRV','2.5QT PLECTRANTHUS MRV','Lowes',0,100005,100059,'F30',2028,100059,'F30',10,100008,'2.5 Qt spaced')
insert into lot_space (id, inventory_lot_id, planting_id, production_lot_id, plant_date, ready_date, expiry_date, category, item_description, fset, is_planted, facility_id, area_id, area, qty, space_area_id, space_area, total_weeks, space_profile_id, space_profile ) values(293,403575,0,0,1457938800000,1463986800000,1464505200000,'MRV','1PT JUNCUS ACCENT MRV','Lowes',0,100005,100061,'F32',3970,100061,'F32',0,100004,'Pint/4"')
insert into lot_space (id, inventory_lot_id, planting_id, production_lot_id, plant_date, ready_date, expiry_date, category, item_description, fset, is_planted, facility_id, area_id, area, qty, space_area_id, space_area, total_weeks, space_profile_id, space_profile ) values(317,403600,0,0,1458543600000,1463986800000,1464505200000,'2G Vase','2G ANNUAL VASE','Lowes',0,100005,100061,'F32',2130,100061,'F32',10,100011,'2.0 Gal Cont')
insert into lot_space (id, inventory_lot_id, planting_id, production_lot_id, plant_date, ready_date, expiry_date, category, item_description, fset, is_planted, facility_id, area_id, area, qty, space_area_id, space_area, total_weeks, space_profile_id, space_profile ) values(327,403686,0,0,1459753200000,1465196400000,1465714800000,'MRV','2.5QT GERBERA MRV','Lowes',0,100005,100030,'F13',2009,100030,'F13',0,0,'null')
insert into lot_space (id, inventory_lot_id, planting_id, production_lot_id, plant_date, ready_date, expiry_date, category, item_description, fset, is_planted, facility_id, area_id, area, qty, space_area_id, space_area, total_weeks, space_profile_id, space_profile ) values(330,403705,0,0,1460358000000,1464591600000,1465110000000,'11 ANN','1.5G READY REFILL HOT BLOOMS','Lowes',0,100005,100049,'F23',1540,100049,'F23',8,100013,'1.5 Gal cont/hb')
insert into lot_space (id, inventory_lot_id, planting_id, production_lot_id, plant_date, ready_date, expiry_date, category, item_description, fset, is_planted, facility_id, area_id, area, qty, space_area_id, space_area, total_weeks, space_profile_id, space_profile ) values(350,403726,0,0,1459753200000,1464591600000,1465110000000,'8 ANN','3QT GERBERA DAISY','Lowes',0,100005,100010,'F03',2538,100010,'F03',9,100017,'3.0 Qt')
insert into lot_space (id, inventory_lot_id, planting_id, production_lot_id, plant_date, ready_date, expiry_date, category, item_description, fset, is_planted, facility_id, area_id, area, qty, space_area_id, space_area, total_weeks, space_profile_id, space_profile ) values(426,404340,0,0,1459148400000,1463986800000,1464505200000,'1 GAL PREMIUM','1G LILIUM PREM CONT','Lowes',0,100005,100028,'F12',10060,100028,'F12',9,100017,'3.0 Qt')
insert into lot_space (id, inventory_lot_id, planting_id, production_lot_id, plant_date, ready_date, expiry_date, category, item_description, fset, is_planted, facility_id, area_id, area, qty, space_area_id, space_area, total_weeks, space_profile_id, space_profile ) values(539,406140,0,0,1460358000000,1463382000000,1463900400000,'10 PLANTER','1.50-GAL PREMIUM ANNUAL PLANTER','Shoppers',0,100005,100063,'F33',188,100063,'F33',6,400006,'FS Staggered15"')
insert into lot_space (id, inventory_lot_id, planting_id, production_lot_id, plant_date, ready_date, expiry_date, category, item_description, fset, is_planted, facility_id, area_id, area, qty, space_area_id, space_area, total_weeks, space_profile_id, space_profile ) values(544,406965,0,0,1456732800000,1463986800000,1464505200000,'2 GAL ANN','2G NG IMPATIEN PLTR','Default',0,100005,100024,'F10',265,100024,'F10',10,400007,'FS Staggered16"')
insert into lot_space (id, inventory_lot_id, planting_id, production_lot_id, plant_date, ready_date, expiry_date, category, item_description, fset, is_planted, facility_id, area_id, area, qty, space_area_id, space_area, total_weeks, space_profile_id, space_profile ) values(545,406966,0,0,1456732800000,1463986800000,1464505200000,'10 PLANTER','1.5G NEW GUINEA IMPATIEN PLTR','Default',0,100005,100024,'F10',280,100024,'F10',9,100013,'1.5 Gal cont/hb')
insert into lot_space (id, inventory_lot_id, planting_id, production_lot_id, plant_date, ready_date, expiry_date, category, item_description, fset, is_planted, facility_id, area_id, area, qty, space_area_id, space_area, total_weeks, space_profile_id, space_profile ) values(546,406986,0,0,1457938800000,1463382000000,1463900400000,'10 PLANTER','1.50-GAL PREMIUM ANNUAL PLANTER','Giant',0,100005,100051,'F26',848,100051,'F26',10,400006,'FS Staggered15"')
insert into lot_space (id, inventory_lot_id, planting_id, production_lot_id, plant_date, ready_date, expiry_date, category, item_description, fset, is_planted, facility_id, area_id, area, qty, space_area_id, space_area, total_weeks, space_profile_id, space_profile ) values(547,406987,0,0,1460358000000,1463382000000,1463900400000,'10 PLANTER','1.50-GAL PREMIUM ANNUAL PLANTER','Safeway',0,100005,100063,'F33',398,100063,'F33',6,400006,'FS Staggered15"')
insert into lot_space (id, inventory_lot_id, planting_id, production_lot_id, plant_date, ready_date, expiry_date, category, item_description, fset, is_planted, facility_id, area_id, area, qty, space_area_id, space_area, total_weeks, space_profile_id, space_profile ) values(550,408077,0,0,1457938800000,1463382000000,1463900400000,'10 PLANTER','1.50-GAL PREMIUM ANNUAL PLANTER','Giant',0,100005,100063,'F33',797,100063,'F33',10,400006,'FS Staggered15"')
insert into lot_space (id, inventory_lot_id, planting_id, production_lot_id, plant_date, ready_date, expiry_date, category, item_description, fset, is_planted, facility_id, area_id, area, qty, space_area_id, space_area, total_weeks, space_profile_id, space_profile ) values(583,410362,0,0,1459753200000,1464591600000,1465110000000,'MRV','1QT GERBERA MRV','Lowes',0,100005,100010,'F03',2576,100010,'F03',9,100005,'1.0 Qt unspaced')
insert into lot_level (id, lot_space_id, space_required, space_weeks, space_type_id, space_type, level, cost_per_sfw, space_beg_date, space_end_date, spacing_size ) values(3,3,622.48,4,100003,'Floor',1,0.17,1459753200000,1462086000000,0)
insert into lot_level (id, lot_space_id, space_required, space_weeks, space_type_id, space_type, level, cost_per_sfw, space_beg_date, space_end_date, spacing_size ) values(4,3,1365.44,3,100003,'Floor',2,0.17,1462172400000,1463900400000,1)
insert into lot_level (id, lot_space_id, space_required, space_weeks, space_type_id, space_type, level, cost_per_sfw, space_beg_date, space_end_date, spacing_size ) values(32,27,1894.2,9,100003,'Floor',1,0.17,1458543600000,1463900400000,0)
insert into lot_level (id, lot_space_id, space_required, space_weeks, space_type_id, space_type, level, cost_per_sfw, space_beg_date, space_end_date, spacing_size ) values(33,28,1442.7,9,100003,'Floor',1,0.17,1459148400000,1464505200000,0)
insert into lot_level (id, lot_space_id, space_required, space_weeks, space_type_id, space_type, level, cost_per_sfw, space_beg_date, space_end_date, spacing_size ) values(35,30,1522.5,8,100003,'Floor',1,0.17,1459148400000,1463900400000,0)
insert into lot_level (id, lot_space_id, space_required, space_weeks, space_type_id, space_type, level, cost_per_sfw, space_beg_date, space_end_date, spacing_size ) values(37,32,1434.3,7,100003,'Floor',1,0.17,1459753200000,1463900400000,0)
insert into lot_level (id, lot_space_id, space_required, space_weeks, space_type_id, space_type, level, cost_per_sfw, space_beg_date, space_end_date, spacing_size ) values(43,38,1090.72,9,100003,'Floor',1,0.17,1459148400000,1464505200000,0)
insert into lot_level (id, lot_space_id, space_required, space_weeks, space_type_id, space_type, level, cost_per_sfw, space_beg_date, space_end_date, spacing_size ) values(44,39,622.88,9,100003,'Floor',1,0.17,1459753200000,1465110000000,0)
insert into lot_level (id, lot_space_id, space_required, space_weeks, space_type_id, space_type, level, cost_per_sfw, space_beg_date, space_end_date, spacing_size ) values(49,44,2542,4,100003,'Floor',1,0.17,1456128000000,1458457200000,0)
insert into lot_level (id, lot_space_id, space_required, space_weeks, space_type_id, space_type, level, cost_per_sfw, space_beg_date, space_end_date, spacing_size ) values(50,44,5576,5,100003,'Floor',2,0.17,1458543600000,1461481200000,1)
insert into lot_level (id, lot_space_id, space_required, space_weeks, space_type_id, space_type, level, cost_per_sfw, space_beg_date, space_end_date, spacing_size ) values(51,45,1286.5,4,100003,'Floor',1,0.17,1456732800000,1459062000000,0)
insert into lot_level (id, lot_space_id, space_required, space_weeks, space_type_id, space_type, level, cost_per_sfw, space_beg_date, space_end_date, spacing_size ) values(52,45,2822,5,100003,'Floor',2,0.17,1459148400000,1462086000000,1)
insert into lot_level (id, lot_space_id, space_required, space_weeks, space_type_id, space_type, level, cost_per_sfw, space_beg_date, space_end_date, spacing_size ) values(81,65,8127.6,9,100003,'Floor',1,0.17,1458543600000,1463900400000,1)
insert into lot_level (id, lot_space_id, space_required, space_weeks, space_type_id, space_type, level, cost_per_sfw, space_beg_date, space_end_date, spacing_size ) values(94,81,1999.92,10,100003,'Floor',1,0.17,1457938800000,1463900400000,1)
insert into lot_level (id, lot_space_id, space_required, space_weeks, space_type_id, space_type, level, cost_per_sfw, space_beg_date, space_end_date, spacing_size ) values(99,86,1476.51,9,100003,'Floor',1,0.17,1458543600000,1463900400000,0)
insert into lot_level (id, lot_space_id, space_required, space_weeks, space_type_id, space_type, level, cost_per_sfw, space_beg_date, space_end_date, spacing_size ) values(100,87,1321.32,6,100003,'Floor',1,0.17,1460358000000,1463900400000,1)
insert into lot_level (id, lot_space_id, space_required, space_weeks, space_type_id, space_type, level, cost_per_sfw, space_beg_date, space_end_date, spacing_size ) values(102,89,850.68,3,100003,'Floor',1,0.17,1459753200000,1461481200000,0)
insert into lot_level (id, lot_space_id, space_required, space_weeks, space_type_id, space_type, level, cost_per_sfw, space_beg_date, space_end_date, spacing_size ) values(103,89,2268.48,4,100003,'Floor',2,0.17,1461567600000,1463900400000,0)
insert into lot_level (id, lot_space_id, space_required, space_weeks, space_type_id, space_type, level, cost_per_sfw, space_beg_date, space_end_date, spacing_size ) values(106,91,5393.4,9,100003,'Floor',1,0.17,1458543600000,1463900400000,0)
insert into lot_level (id, lot_space_id, space_required, space_weeks, space_type_id, space_type, level, cost_per_sfw, space_beg_date, space_end_date, spacing_size ) values(130,110,2077,4,100003,'Floor',1,0.17,1457938800000,1460271600000,1)
insert into lot_level (id, lot_space_id, space_required, space_weeks, space_type_id, space_type, level, cost_per_sfw, space_beg_date, space_end_date, spacing_size ) values(132,111,2058,4,100003,'Floor',1,0.17,1458543600000,1460876400000,1)
insert into lot_level (id, lot_space_id, space_required, space_weeks, space_type_id, space_type, level, cost_per_sfw, space_beg_date, space_end_date, spacing_size ) values(197,167,1081.5,10,100003,'Floor',1,0.17,1456732800000,1462690800000,0)
insert into lot_level (id, lot_space_id, space_required, space_weeks, space_type_id, space_type, level, cost_per_sfw, space_beg_date, space_end_date, spacing_size ) values(222,192,780,10,100003,'Floor',1,0.17,1457938800000,1463900400000,1)
insert into lot_level (id, lot_space_id, space_required, space_weeks, space_type_id, space_type, level, cost_per_sfw, space_beg_date, space_end_date, spacing_size ) values(224,194,443.52,9,100003,'Floor',1,0.17,1458543600000,1463900400000,0)
insert into lot_level (id, lot_space_id, space_required, space_weeks, space_type_id, space_type, level, cost_per_sfw, space_beg_date, space_end_date, spacing_size ) values(232,202,1372.24,9,100003,'Floor',1,0.17,1458543600000,1463900400000,0)
insert into lot_level (id, lot_space_id, space_required, space_weeks, space_type_id, space_type, level, cost_per_sfw, space_beg_date, space_end_date, spacing_size ) values(233,203,3538.23,10,100003,'Floor',1,0.17,1457938800000,1463900400000,1)
insert into lot_level (id, lot_space_id, space_required, space_weeks, space_type_id, space_type, level, cost_per_sfw, space_beg_date, space_end_date, spacing_size ) values(236,206,2640.84,5,100003,'Floor',1,0.17,1459148400000,1462086000000,1)
insert into lot_level (id, lot_space_id, space_required, space_weeks, space_type_id, space_type, level, cost_per_sfw, space_beg_date, space_end_date, spacing_size ) values(238,207,2617.83,5,100003,'Floor',1,0.17,1459148400000,1462086000000,1)
insert into lot_level (id, lot_space_id, space_required, space_weeks, space_type_id, space_type, level, cost_per_sfw, space_beg_date, space_end_date, spacing_size ) values(240,208,2653.23,5,100003,'Floor',1,0.17,1459148400000,1462086000000,1)
insert into lot_level (id, lot_space_id, space_required, space_weeks, space_type_id, space_type, level, cost_per_sfw, space_beg_date, space_end_date, spacing_size ) values(242,209,1444.8,10,100003,'Floor',1,0.17,1456128000000,1462086000000,0)
insert into lot_level (id, lot_space_id, space_required, space_weeks, space_type_id, space_type, level, cost_per_sfw, space_beg_date, space_end_date, spacing_size ) values(254,220,5327.7,10,100003,'Floor',1,0.17,1457337600000,1463295600000,1)
insert into lot_level (id, lot_space_id, space_required, space_weeks, space_type_id, space_type, level, cost_per_sfw, space_beg_date, space_end_date, spacing_size ) values(270,235,3531.74,4,100003,'Floor',1,0.17,1459148400000,1461481200000,0)
insert into lot_level (id, lot_space_id, space_required, space_weeks, space_type_id, space_type, level, cost_per_sfw, space_beg_date, space_end_date, spacing_size ) values(275,239,3331.26,4,100003,'Floor',1,0.17,1457938800000,1460271600000,0)
insert into lot_level (id, lot_space_id, space_required, space_weeks, space_type_id, space_type, level, cost_per_sfw, space_beg_date, space_end_date, spacing_size ) values(276,239,7307.28,5,100003,'Floor',2,0.17,1460358000000,1463295600000,1)
insert into lot_level (id, lot_space_id, space_required, space_weeks, space_type_id, space_type, level, cost_per_sfw, space_beg_date, space_end_date, spacing_size ) values(283,245,445.78,4,100003,'Floor',1,0.17,1458543600000,1460876400000,0)
insert into lot_level (id, lot_space_id, space_required, space_weeks, space_type_id, space_type, level, cost_per_sfw, space_beg_date, space_end_date, spacing_size ) values(284,245,977.84,5,100003,'Floor',2,0.17,1460962800000,1463900400000,1)
insert into lot_level (id, lot_space_id, space_required, space_weeks, space_type_id, space_type, level, cost_per_sfw, space_beg_date, space_end_date, spacing_size ) values(287,247,465,4,100003,'Floor',1,0.17,1457938800000,1460271600000,0)
insert into lot_level (id, lot_space_id, space_required, space_weeks, space_type_id, space_type, level, cost_per_sfw, space_beg_date, space_end_date, spacing_size ) values(288,247,1020,5,100003,'Floor',2,0.17,1460358000000,1463295600000,1)
insert into lot_level (id, lot_space_id, space_required, space_weeks, space_type_id, space_type, level, cost_per_sfw, space_beg_date, space_end_date, spacing_size ) values(289,248,546.84,4,100003,'Floor',1,0.17,1458543600000,1460876400000,0)
insert into lot_level (id, lot_space_id, space_required, space_weeks, space_type_id, space_type, level, cost_per_sfw, space_beg_date, space_end_date, spacing_size ) values(290,248,1199.52,5,100003,'Floor',2,0.17,1460962800000,1463900400000,1)
insert into lot_level (id, lot_space_id, space_required, space_weeks, space_type_id, space_type, level, cost_per_sfw, space_beg_date, space_end_date, spacing_size ) values(292,250,567.92,4,100003,'Floor',1,0.17,1458543600000,1460876400000,0)
insert into lot_level (id, lot_space_id, space_required, space_weeks, space_type_id, space_type, level, cost_per_sfw, space_beg_date, space_end_date, spacing_size ) values(293,250,1245.76,5,100003,'Floor',2,0.17,1460962800000,1463900400000,1)
insert into lot_level (id, lot_space_id, space_required, space_weeks, space_type_id, space_type, level, cost_per_sfw, space_beg_date, space_end_date, spacing_size ) values(295,252,354.24,3,100003,'Floor',1,0.17,1459148400000,1460876400000,0)
insert into lot_level (id, lot_space_id, space_required, space_weeks, space_type_id, space_type, level, cost_per_sfw, space_beg_date, space_end_date, spacing_size ) values(296,252,944.64,5,100003,'Floor',2,0.17,1460962800000,1463900400000,0)
insert into lot_level (id, lot_space_id, space_required, space_weeks, space_type_id, space_type, level, cost_per_sfw, space_beg_date, space_end_date, spacing_size ) values(298,254,948.24,3,100003,'Floor',1,0.17,1457938800000,1459666800000,0)
insert into lot_level (id, lot_space_id, space_required, space_weeks, space_type_id, space_type, level, cost_per_sfw, space_beg_date, space_end_date, spacing_size ) values(299,254,2528.64,7,100003,'Floor',2,0.17,1459753200000,1463900400000,0)
insert into lot_level (id, lot_space_id, space_required, space_weeks, space_type_id, space_type, level, cost_per_sfw, space_beg_date, space_end_date, spacing_size ) values(322,272,1806.7,8,100003,'Floor',1,0.17,1459148400000,1463900400000,0)
insert into lot_level (id, lot_space_id, space_required, space_weeks, space_type_id, space_type, level, cost_per_sfw, space_beg_date, space_end_date, spacing_size ) values(325,275,1835.4,9,100003,'Floor',1,0.17,1458543600000,1463900400000,4)
insert into lot_level (id, lot_space_id, space_required, space_weeks, space_type_id, space_type, level, cost_per_sfw, space_beg_date, space_end_date, spacing_size ) values(326,276,356.4,3,100003,'Floor',1,0.17,1460358000000,1462086000000,0)
insert into lot_level (id, lot_space_id, space_required, space_weeks, space_type_id, space_type, level, cost_per_sfw, space_beg_date, space_end_date, spacing_size ) values(327,276,950.4,3,100003,'Floor',2,0.17,1462172400000,1463900400000,0)
insert into lot_level (id, lot_space_id, space_required, space_weeks, space_type_id, space_type, level, cost_per_sfw, space_beg_date, space_end_date, spacing_size ) values(328,277,3294.36,3,100003,'Floor',1,0.17,1458543600000,1460271600000,0)
insert into lot_level (id, lot_space_id, space_required, space_weeks, space_type_id, space_type, level, cost_per_sfw, space_beg_date, space_end_date, spacing_size ) values(329,277,8784.96,6,100003,'Floor',2,0.17,1460358000000,1463900400000,0)
insert into lot_level (id, lot_space_id, space_required, space_weeks, space_type_id, space_type, level, cost_per_sfw, space_beg_date, space_end_date, spacing_size ) values(339,287,709.8,10,100003,'Floor',1,0.17,1458543600000,1464505200000,0)
insert into lot_level (id, lot_space_id, space_required, space_weeks, space_type_id, space_type, level, cost_per_sfw, space_beg_date, space_end_date, spacing_size ) values(346,293,357.3,0,100003,'Floor',1,0.17,1457938800000,1457938800000,0)
insert into lot_level (id, lot_space_id, space_required, space_weeks, space_type_id, space_type, level, cost_per_sfw, space_beg_date, space_end_date, spacing_size ) values(376,317,2130,10,100003,'Floor',1,0.17,1458543600000,1464505200000,1)
insert into lot_level (id, lot_space_id, space_required, space_weeks, space_type_id, space_type, level, cost_per_sfw, space_beg_date, space_end_date, spacing_size ) values(392,330,954.8,4,100003,'Floor',1,0.17,1460358000000,1462690800000,0)
insert into lot_level (id, lot_space_id, space_required, space_weeks, space_type_id, space_type, level, cost_per_sfw, space_beg_date, space_end_date, spacing_size ) values(393,330,2094.4,4,100003,'Floor',2,0.17,1462777200000,1465110000000,1)
insert into lot_level (id, lot_space_id, space_required, space_weeks, space_type_id, space_type, level, cost_per_sfw, space_beg_date, space_end_date, spacing_size ) values(418,350,913.68,3,100003,'Floor',1,0.17,1459753200000,1461481200000,0)
insert into lot_level (id, lot_space_id, space_required, space_weeks, space_type_id, space_type, level, cost_per_sfw, space_beg_date, space_end_date, spacing_size ) values(419,350,2436.48,6,100003,'Floor',2,0.17,1461567600000,1465110000000,0)
insert into lot_level (id, lot_space_id, space_required, space_weeks, space_type_id, space_type, level, cost_per_sfw, space_beg_date, space_end_date, spacing_size ) values(475,396,516,5,100004,'Hanging',2,0.09,1460962800000,1463900400000,1)
insert into lot_level (id, lot_space_id, space_required, space_weeks, space_type_id, space_type, level, cost_per_sfw, space_beg_date, space_end_date, spacing_size ) values(476,397,693,4,100003,'Floor',1,0.17,1457938800000,1460271600000,1)
insert into lot_level (id, lot_space_id, space_required, space_weeks, space_type_id, space_type, level, cost_per_sfw, space_beg_date, space_end_date, spacing_size ) values(479,398,1550,6,100004,'Hanging',2,0.09,1459753200000,1463295600000,1)
insert into lot_level (id, lot_space_id, space_required, space_weeks, space_type_id, space_type, level, cost_per_sfw, space_beg_date, space_end_date, spacing_size ) values(480,399,2014,4,100003,'Floor',1,0.17,1459753200000,1462086000000,1)
insert into lot_level (id, lot_space_id, space_required, space_weeks, space_type_id, space_type, level, cost_per_sfw, space_beg_date, space_end_date, spacing_size ) values(522,426,3621.6,3,100003,'Floor',1,0.17,1459148400000,1460876400000,0)
insert into lot_level (id, lot_space_id, space_required, space_weeks, space_type_id, space_type, level, cost_per_sfw, space_beg_date, space_end_date, spacing_size ) values(523,426,9657.6,6,100003,'Floor',2,0.17,1460962800000,1464505200000,0)
insert into lot_level (id, lot_space_id, space_required, space_weeks, space_type_id, space_type, level, cost_per_sfw, space_beg_date, space_end_date, spacing_size ) values(538,436,263.73,4,100003,'Floor',1,0.17,1455523200000,1457856000000,0)
insert into lot_level (id, lot_space_id, space_required, space_weeks, space_type_id, space_type, level, cost_per_sfw, space_beg_date, space_end_date, spacing_size ) values(698,539,293.28,6,100003,'Floor',1,0.17,1460358000000,1463900400000,1)
insert into lot_level (id, lot_space_id, space_required, space_weeks, space_type_id, space_type, level, cost_per_sfw, space_beg_date, space_end_date, spacing_size ) values(704,544,469.05,10,100003,'Floor',1,0.17,1456732800000,1462690800000,1)
insert into lot_level (id, lot_space_id, space_required, space_weeks, space_type_id, space_type, level, cost_per_sfw, space_beg_date, space_end_date, spacing_size ) values(705,545,173.6,4,100003,'Floor',1,0.17,1456732800000,1459062000000,0)
insert into lot_level (id, lot_space_id, space_required, space_weeks, space_type_id, space_type, level, cost_per_sfw, space_beg_date, space_end_date, spacing_size ) values(706,545,380.8,5,100003,'Floor',2,0.17,1459148400000,1462086000000,1)
insert into lot_level (id, lot_space_id, space_required, space_weeks, space_type_id, space_type, level, cost_per_sfw, space_beg_date, space_end_date, spacing_size ) values(707,546,1322.88,10,100003,'Floor',1,0.17,1457938800000,1463900400000,1)
insert into lot_level (id, lot_space_id, space_required, space_weeks, space_type_id, space_type, level, cost_per_sfw, space_beg_date, space_end_date, spacing_size ) values(708,547,620.88,6,100003,'Floor',1,0.17,1460358000000,1463900400000,1)
insert into lot_level (id, lot_space_id, space_required, space_weeks, space_type_id, space_type, level, cost_per_sfw, space_beg_date, space_end_date, spacing_size ) values(710,549,2639.07,5,100003,'Floor',1,0.17,1459148400000,1462086000000,1)
insert into lot_level (id, lot_space_id, space_required, space_weeks, space_type_id, space_type, level, cost_per_sfw, space_beg_date, space_end_date, spacing_size ) values(712,550,1243.32,10,100003,'Floor',1,0.17,1457938800000,1463900400000,1)
insert into lot_level (id, lot_space_id, space_required, space_weeks, space_type_id, space_type, level, cost_per_sfw, space_beg_date, space_end_date, spacing_size ) values(746,568,1552,4,100003,'Floor',1,0.17,1458543600000,1460876400000,1)
insert into lot_level (id, lot_space_id, space_required, space_weeks, space_type_id, space_type, level, cost_per_sfw, space_beg_date, space_end_date, spacing_size ) values(767,583,437.92,9,100003,'Floor',1,0.17,1459753200000,1465110000000,0)

