CREATE TABLE area_space_capacity  (space_area_id INT, space_area TEXT, zone TEXT, facility_id INT, facility TEXT,  space_type_id INT, space_type TEXT, as_of_date TEXT, capacity INT, unit_of_measure TEXT);
CREATE TABLE lot_space (id INT , inventory_lot_id INT , planting_id INT , production_lot_id INT , plant_date TEXT , ready_date TEXT , expiry_date TEXT , category TEXT , item_description TEXT , fset TEXT , is_planted INT , facility_id INT , area_id INT , area TEXT , qty INT , space_area_id INT , space_area TEXT , total_weeks INT , space_profile_id INT , space_profile TEXT );
CREATE TABLE lot_level (id INT , lot_space_id INT , space_required REAL , space_weeks INT , space_type_id INT , space_type TEXT , level INT , cost_per_sfw REAL , space_beg_date TEXT , space_end_date TEXT , spacing_size INT );
CREATE TABLE lot_action (id INT , action_status INT , inventory_lot_id INT , planting_id INT , action_date TEXT , action_type_id INT , from_area_id INT , from_space_area_id INT , to_area_id INT , to_space_area_id INT , from_space_type_id INT , to_space_type_id INT , qty REAL  );
insert into area_space_capacity (space_area_id, space_area, zone, facility_id, facility, space_type_id, space_type, as_of_date, capacity, unit_of_measure) values(100024,'F10','Zone1',100005,'BFF',100003,'Floor',1388563200000,36701,'Square')
insert into area_space_capacity (space_area_id, space_area, zone, facility_id, facility, space_type_id, space_type, as_of_date, capacity, unit_of_measure) values(100010,'F03','Zone1',100005,'BFF',100003,'Floor',1388563200000,30590,'Square')
insert into lot_space (id, inventory_lot_id, planting_id, production_lot_id, plant_date, ready_date, expiry_date, category, item_description, fset, is_planted, facility_id, area_id, area, qty, space_area_id, space_area, total_weeks, space_profile_id, space_profile ) values(44,401115,0,0,1456128000000,1463382000000,1463900400000,'10 PLANTER','1.5G NEW GUINEA IMPATIEN PLTR','Lowes',0,100005,100024,'F10',4100,100024,'F10',9,100013,'1.5 Gal cont/hb')
insert into lot_space (id, inventory_lot_id, planting_id, production_lot_id, plant_date, ready_date, expiry_date, category, item_description, fset, is_planted, facility_id, area_id, area, qty, space_area_id, space_area, total_weeks, space_profile_id, space_profile ) values(45,401116,0,0,1456732800000,1463986800000,1464505200000,'10 PLANTER','1.5G NEW GUINEA IMPATIEN PLTR','Lowes',0,100005,100024,'F10',2075,100024,'F10',9,100013,'1.5 Gal cont/hb')
insert into lot_space (id, inventory_lot_id, planting_id, production_lot_id, plant_date, ready_date, expiry_date, category, item_description, fset, is_planted, facility_id, area_id, area, qty, space_area_id, space_area, total_weeks, space_profile_id, space_profile ) values(81,401505,0,0,1457938800000,1463382000000,1463900400000,'10 PLANTER','1.50-GAL PREMIUM ANNUAL PLANTER','Giant',0,100005,100024,'F10',1282,100024,'F10',10,400006,'FS Staggered15"')
insert into lot_space (id, inventory_lot_id, planting_id, production_lot_id, plant_date, ready_date, expiry_date, category, item_description, fset, is_planted, facility_id, area_id, area, qty, space_area_id, space_area, total_weeks, space_profile_id, space_profile ) values(87,401562,0,0,1460358000000,1463382000000,1463900400000,'10 PLANTER','1.50-GAL PREMIUM ANNUAL PLANTER','Safeway',0,100005,100024,'F10',847,100024,'F10',6,400006,'FS Staggered15"')
insert into lot_space (id, inventory_lot_id, planting_id, production_lot_id, plant_date, ready_date, expiry_date, category, item_description, fset, is_planted, facility_id, area_id, area, qty, space_area_id, space_area, total_weeks, space_profile_id, space_profile ) values(167,402409,0,0,1456732800000,1463986800000,1464505200000,'MRV','2.5QT NEW GUINEA IMPATIENS MRV','Lowes',0,100005,100024,'F10',3090,100024,'F10',10,100008,'2.5 Qt spaced')
insert into lot_space (id, inventory_lot_id, planting_id, production_lot_id, plant_date, ready_date, expiry_date, category, item_description, fset, is_planted, facility_id, area_id, area, qty, space_area_id, space_area, total_weeks, space_profile_id, space_profile ) values(209,403186,0,0,1456128000000,1463382000000,1463900400000,'MRV','2.5QT NEW GUINEA IMPATIENS MRV','Lowes',0,100005,100024,'F10',4128,100024,'F10',10,100008,'2.5 Qt spaced')
insert into lot_space (id, inventory_lot_id, planting_id, production_lot_id, plant_date, ready_date, expiry_date, category, item_description, fset, is_planted, facility_id, area_id, area, qty, space_area_id, space_area, total_weeks, space_profile_id, space_profile ) values(545,406966,0,0,1456732800000,1463986800000,1464505200000,'10 PLANTER','1.5G NEW GUINEA IMPATIEN PLTR','Default',0,100005,100024,'F10',280,100024,'F10',9,100013,'1.5 Gal cont/hb')
insert into lot_space (id, inventory_lot_id, planting_id, production_lot_id, plant_date, ready_date, expiry_date, category, item_description, fset, is_planted, facility_id, area_id, area, qty, space_area_id, space_area, total_weeks, space_profile_id, space_profile ) values(544,406965,0,0,1456732800000,1463986800000,1464505200000,'2 GAL ANN','2G NG IMPATIEN PLTR','Default',0,100005,100024,'F10',265,100024,'F10',10,400007,'FS Staggered16"')
insert into lot_space (id, inventory_lot_id, planting_id, production_lot_id, plant_date, ready_date, expiry_date, category, item_description, fset, is_planted, facility_id, area_id, area, qty, space_area_id, space_area, total_weeks, space_profile_id, space_profile ) values(350,403726,0,0,1459753200000,1464591600000,1465110000000,'8 ANN','3QT GERBERA DAISY','Lowes',0,100005,100010,'F03',2538,100010,'F03',9,100017,'3.0 Qt')
insert into lot_space (id, inventory_lot_id, planting_id, production_lot_id, plant_date, ready_date, expiry_date, category, item_description, fset, is_planted, facility_id, area_id, area, qty, space_area_id, space_area, total_weeks, space_profile_id, space_profile ) values(583,410362,0,0,1459753200000,1464591600000,1465110000000,'MRV','1QT GERBERA MRV','Lowes',0,100005,100010,'F03',2576,100010,'F03',9,100005,'1.0 Qt unspaced')
insert into lot_level (id, lot_space_id, space_required, space_weeks, space_type_id, space_type, level, cost_per_sfw, space_beg_date, space_end_date, spacing_size ) values(49,44,2542,4,100003,'Floor',1,0.17,1456128000000,1458457200000,0)
insert into lot_level (id, lot_space_id, space_required, space_weeks, space_type_id, space_type, level, cost_per_sfw, space_beg_date, space_end_date, spacing_size ) values(50,44,5576,5,100003,'Floor',2,0.17,1458543600000,1461481200000,1)
insert into lot_level (id, lot_space_id, space_required, space_weeks, space_type_id, space_type, level, cost_per_sfw, space_beg_date, space_end_date, spacing_size ) values(51,45,1286.5,4,100003,'Floor',1,0.17,1456732800000,1459062000000,0)
insert into lot_level (id, lot_space_id, space_required, space_weeks, space_type_id, space_type, level, cost_per_sfw, space_beg_date, space_end_date, spacing_size ) values(52,45,2822,5,100003,'Floor',2,0.17,1459148400000,1462086000000,1)
insert into lot_level (id, lot_space_id, space_required, space_weeks, space_type_id, space_type, level, cost_per_sfw, space_beg_date, space_end_date, spacing_size ) values(94,81,1999.92,10,100003,'Floor',1,0.17,1457938800000,1463900400000,1)
insert into lot_level (id, lot_space_id, space_required, space_weeks, space_type_id, space_type, level, cost_per_sfw, space_beg_date, space_end_date, spacing_size ) values(100,87,1321.32,6,100003,'Floor',1,0.17,1460358000000,1463900400000,1)
insert into lot_level (id, lot_space_id, space_required, space_weeks, space_type_id, space_type, level, cost_per_sfw, space_beg_date, space_end_date, spacing_size ) values(197,167,1081.5,10,100003,'Floor',1,0.17,1456732800000,1462690800000,0)
insert into lot_level (id, lot_space_id, space_required, space_weeks, space_type_id, space_type, level, cost_per_sfw, space_beg_date, space_end_date, spacing_size ) values(242,209,1444.8,10,100003,'Floor',1,0.17,1456128000000,1462086000000,0)
insert into lot_level (id, lot_space_id, space_required, space_weeks, space_type_id, space_type, level, cost_per_sfw, space_beg_date, space_end_date, spacing_size ) values(704,544,469.05,10,100003,'Floor',1,0.17,1456732800000,1462690800000,1)
insert into lot_level (id, lot_space_id, space_required, space_weeks, space_type_id, space_type, level, cost_per_sfw, space_beg_date, space_end_date, spacing_size ) values(705,545,173.6,4,100003,'Floor',1,0.17,1456732800000,1459062000000,0)
insert into lot_level (id, lot_space_id, space_required, space_weeks, space_type_id, space_type, level, cost_per_sfw, space_beg_date, space_end_date, spacing_size ) values(706,545,380.8,5,100003,'Floor',2,0.17,1459148400000,1462086000000,1)
insert into lot_level (id, lot_space_id, space_required, space_weeks, space_type_id, space_type, level, cost_per_sfw, space_beg_date, space_end_date, spacing_size ) values(418,350,913.68,3,100003,'Floor',1,0.17,1459753200000,1461481200000,0)
insert into lot_level (id, lot_space_id, space_required, space_weeks, space_type_id, space_type, level, cost_per_sfw, space_beg_date, space_end_date, spacing_size ) values(419,350,2436.48,6,100003,'Floor',2,0.17,1461567600000,1465110000000,0)
insert into lot_level (id, lot_space_id, space_required, space_weeks, space_type_id, space_type, level, cost_per_sfw, space_beg_date, space_end_date, spacing_size ) values(767,583,437.92,9,100003,'Floor',1,0.17,1459753200000,1465110000000,0)
